participant,no_signed_duration,size,direction,correct,contrast,cond,response,log10_duration,duration,trial,session
perc002,0.07368,Large,-1,1,High,control,0,-1.1326503828112076,-0.36839999999999995,1,1
perc002,0.04472,Small,1,1,Low,control,1,-1.349498205121633,0.2236,2,1
perc002,0.2,Large,-1,1,Low,control,0,-0.6989700043360187,-1,3,1
perc002,0.01648,Large,-1,0,Low,control,1,-1.783042792638903,-0.0824,4,1
perc002,0.04472,Small,-1,1,High,control,0,-1.349498205121633,-0.2236,5,1
perc002,0.027144,Large,1,0,Low,control,0,-1.5663261533629387,0.13572,6,1
perc002,0.04472,Small,-1,0,Low,control,1,-1.349498205121633,-0.2236,7,1
perc002,0.07368,Large,-1,1,High,control,0,-1.1326503828112076,-0.36839999999999995,8,1
perc002,0.027144,Large,1,1,Low,control,1,-1.5663261533629387,0.13572,9,1
perc002,0.01648,Small,1,1,High,control,1,-1.783042792638903,0.0824,10,1
perc002,0.04472,Small,-1,1,Low,control,0,-1.349498205121633,-0.2236,11,1
perc002,0.027144,Large,-1,1,High,control,0,-1.5663261533629387,-0.13572,12,1
perc002,0.027144,Large,-1,1,Low,control,0,-1.5663261533629387,-0.13572,13,1
perc002,0.07368,Small,1,1,High,control,1,-1.1326503828112076,0.36839999999999995,14,1
perc002,0.12139,Large,1,1,High,control,1,-0.9158170885795264,0.60695,15,1
perc002,0.2,Large,1,1,Low,control,1,-0.6989700043360187,1,16,1
perc002,0.027144,Small,-1,1,High,control,0,-1.5663261533629387,-0.13572,17,1
perc002,0.12139,Large,-1,1,High,control,0,-0.9158170885795264,-0.60695,18,1
perc002,0.027144,Small,-1,1,Low,control,0,-1.5663261533629387,-0.13572,19,1
perc002,0.07368,Large,1,1,High,control,1,-1.1326503828112076,0.36839999999999995,20,1
perc002,0.12139,Large,1,1,High,control,1,-0.9158170885795264,0.60695,21,1
perc002,0.2,Large,-1,1,High,control,0,-0.6989700043360187,-1,22,1
perc002,0.12139,Large,-1,1,High,control,0,-0.9158170885795264,-0.60695,23,1
perc002,0.12139,Small,1,1,High,control,1,-0.9158170885795264,0.60695,24,1
perc002,0.01648,Large,1,1,Low,control,1,-1.783042792638903,0.0824,25,1
perc002,0.04472,Small,1,1,High,control,1,-1.349498205121633,0.2236,26,1
perc002,0.04472,Small,1,1,High,control,1,-1.349498205121633,0.2236,27,1
perc002,0.027144,Small,1,1,High,control,1,-1.5663261533629387,0.13572,28,1
perc002,0.027144,Small,1,1,High,control,1,-1.5663261533629387,0.13572,29,1
perc002,0.027144,Large,1,0,High,control,0,-1.5663261533629387,0.13572,30,1
perc002,0.2,Small,-1,1,High,control,0,-0.6989700043360187,-1,31,1
perc002,0.04472,Large,1,1,High,control,1,-1.349498205121633,0.2236,32,1
perc002,0.07368,Large,-1,1,Low,control,0,-1.1326503828112076,-0.36839999999999995,33,1
perc002,0.027144,Small,1,1,Low,control,1,-1.5663261533629387,0.13572,34,1
perc002,0.027144,Large,-1,1,High,control,0,-1.5663261533629387,-0.13572,35,1
perc002,0.2,Large,-1,1,Low,control,0,-0.6989700043360187,-1,36,1
perc002,0.01648,Small,1,1,Low,control,1,-1.783042792638903,0.0824,37,1
perc002,0.12139,Large,1,1,High,control,1,-0.9158170885795264,0.60695,38,1
perc002,0.12139,Large,1,1,Low,control,1,-0.9158170885795264,0.60695,39,1
perc002,0.027144,Large,1,0,High,control,0,-1.5663261533629387,0.13572,40,1
perc002,0.12139,Small,1,1,Low,control,1,-0.9158170885795264,0.60695,41,1
perc002,0.2,Small,1,1,High,control,1,-0.6989700043360187,1,42,1
perc002,0.07368,Small,1,0,Low,control,0,-1.1326503828112076,0.36839999999999995,43,1
perc002,0.12139,Small,1,1,Low,control,1,-0.9158170885795264,0.60695,44,1
perc002,0.04472,Small,1,1,Low,control,1,-1.349498205121633,0.2236,45,1
perc002,0.027144,Small,-1,0,Low,control,1,-1.5663261533629387,-0.13572,46,1
perc002,0.2,Large,1,1,High,control,1,-0.6989700043360187,1,47,1
perc002,0.027144,Small,1,0,Low,control,0,-1.5663261533629387,0.13572,48,1
perc002,0.027144,Small,1,1,High,control,1,-1.5663261533629387,0.13572,49,1
perc002,0.01648,Small,-1,1,High,control,0,-1.783042792638903,-0.0824,50,1
perc002,0.07368,Large,-1,1,Low,control,0,-1.1326503828112076,-0.36839999999999995,51,1
perc002,0.2,Small,-1,1,Low,control,0,-0.6989700043360187,-1,52,1
perc002,0.07368,Large,1,1,Low,control,1,-1.1326503828112076,0.36839999999999995,53,1
perc002,0.07368,Large,1,1,Low,control,1,-1.1326503828112076,0.36839999999999995,54,1
perc002,0.01648,Small,1,0,Low,control,0,-1.783042792638903,0.0824,55,1
perc002,0.07368,Large,-1,1,High,control,0,-1.1326503828112076,-0.36839999999999995,56,1
perc002,0.04472,Large,-1,1,Low,control,0,-1.349498205121633,-0.2236,57,1
perc002,0.07368,Small,1,1,High,control,1,-1.1326503828112076,0.36839999999999995,58,1
perc002,0.01648,Large,1,0,High,control,0,-1.783042792638903,0.0824,59,1
perc002,0.2,Small,1,1,Low,control,1,-0.6989700043360187,1,60,1
perc002,0.2,Small,1,1,Low,control,1,-0.6989700043360187,1,61,1
perc002,0.027144,Large,1,0,Low,control,0,-1.5663261533629387,0.13572,62,1
perc002,0.07368,Large,1,1,High,control,1,-1.1326503828112076,0.36839999999999995,63,1
perc002,0.01648,Small,1,1,High,control,1,-1.783042792638903,0.0824,64,1
perc002,0.027144,Small,-1,1,Low,control,0,-1.5663261533629387,-0.13572,65,1
perc002,0.01648,Small,-1,1,High,control,0,-1.783042792638903,-0.0824,66,1
perc002,0.07368,Small,1,1,High,control,1,-1.1326503828112076,0.36839999999999995,67,1
perc002,0.04472,Large,-1,1,Low,control,0,-1.349498205121633,-0.2236,68,1
perc002,0.04472,Large,1,1,High,control,1,-1.349498205121633,0.2236,69,1
perc002,0.12139,Large,-1,1,Low,control,0,-0.9158170885795264,-0.60695,70,1
perc002,0.2,Small,-1,1,Low,control,0,-0.6989700043360187,-1,71,1
perc002,0.01648,Small,-1,0,Low,control,1,-1.783042792638903,-0.0824,72,1
perc002,0.12139,Large,-1,1,Low,control,0,-0.9158170885795264,-0.60695,73,1
perc002,0.04472,Large,-1,1,Low,control,0,-1.349498205121633,-0.2236,74,1
perc002,0.01648,Small,-1,1,High,control,0,-1.783042792638903,-0.0824,75,1
perc002,0.027144,Large,1,0,High,control,0,-1.5663261533629387,0.13572,76,1
perc002,0.07368,Large,1,1,High,control,1,-1.1326503828112076,0.36839999999999995,77,1
perc002,0.2,Small,1,1,Low,control,1,-0.6989700043360187,1,78,1
perc002,0.01648,Large,-1,1,High,control,0,-1.783042792638903,-0.0824,79,1
perc002,0.07368,Large,-1,1,High,control,0,-1.1326503828112076,-0.36839999999999995,80,1
perc002,0.027144,Small,-1,0,Low,control,1,-1.5663261533629387,-0.13572,81,1
perc002,0.01648,Small,-1,0,Low,control,1,-1.783042792638903,-0.0824,82,1
perc002,0.01648,Small,-1,1,Low,control,0,-1.783042792638903,-0.0824,83,1
perc002,0.12139,Small,-1,1,Low,control,0,-0.9158170885795264,-0.60695,84,1
perc002,0.01648,Small,-1,1,High,control,0,-1.783042792638903,-0.0824,85,1
perc002,0.01648,Small,1,1,Low,control,1,-1.783042792638903,0.0824,86,1
perc002,0.2,Large,1,1,Low,control,1,-0.6989700043360187,1,87,1
perc002,0.01648,Large,-1,1,Low,control,0,-1.783042792638903,-0.0824,88,1
perc002,0.01648,Large,-1,0,Low,control,1,-1.783042792638903,-0.0824,89,1
perc002,0.07368,Small,-1,0,Low,control,1,-1.1326503828112076,-0.36839999999999995,90,1
perc002,0.07368,Small,-1,1,High,control,0,-1.1326503828112076,-0.36839999999999995,91,1
perc002,0.12139,Large,-1,1,Low,control,0,-0.9158170885795264,-0.60695,92,1
perc002,0.027144,Small,1,0,Low,control,0,-1.5663261533629387,0.13572,93,1
perc002,0.07368,Large,1,1,Low,control,1,-1.1326503828112076,0.36839999999999995,94,1
perc002,0.027144,Large,1,1,Low,control,1,-1.5663261533629387,0.13572,95,1
perc002,0.12139,Small,-1,1,High,control,0,-0.9158170885795264,-0.60695,96,1
perc002,0.2,Small,1,1,High,control,1,-0.6989700043360187,1,97,1
perc002,0.2,Small,-1,1,High,control,0,-0.6989700043360187,-1,98,1
perc002,0.04472,Large,1,1,Low,control,1,-1.349498205121633,0.2236,99,1
perc002,0.12139,Small,-1,1,Low,control,0,-0.9158170885795264,-0.60695,100,1
perc002,0.07368,Large,1,1,Low,control,1,-1.1326503828112076,0.36839999999999995,101,1
perc002,0.027144,Small,1,1,High,control,1,-1.5663261533629387,0.13572,102,1
perc002,0.01648,Large,-1,1,Low,control,0,-1.783042792638903,-0.0824,103,1
perc002,0.027144,Small,-1,0,Low,control,1,-1.5663261533629387,-0.13572,104,1
perc002,0.04472,Large,-1,1,Low,control,0,-1.349498205121633,-0.2236,105,1
perc002,0.027144,Small,-1,1,High,control,0,-1.5663261533629387,-0.13572,106,1
perc002,0.2,Large,1,1,Low,control,1,-0.6989700043360187,1,107,1
perc002,0.01648,Small,1,0,High,control,0,-1.783042792638903,0.0824,108,1
perc002,0.2,Large,1,1,High,control,1,-0.6989700043360187,1,109,1
perc002,0.027144,Large,1,1,Low,control,1,-1.5663261533629387,0.13572,110,1
perc002,0.027144,Small,-1,1,High,control,0,-1.5663261533629387,-0.13572,111,1
perc002,0.12139,Small,1,1,High,control,1,-0.9158170885795264,0.60695,112,1
perc002,0.2,Small,-1,1,High,control,0,-0.6989700043360187,-1,113,1
perc002,0.01648,Large,1,0,High,control,0,-1.783042792638903,0.0824,114,1
perc002,0.01648,Large,-1,1,High,control,0,-1.783042792638903,-0.0824,115,1
perc002,0.07368,Large,-1,1,Low,control,0,-1.1326503828112076,-0.36839999999999995,116,1
perc002,0.01648,Large,-1,0,Low,control,1,-1.783042792638903,-0.0824,117,1
perc002,0.01648,Large,1,0,High,control,0,-1.783042792638903,0.0824,118,1
perc002,0.04472,Large,-1,1,High,control,0,-1.349498205121633,-0.2236,119,1
perc002,0.04472,Large,1,1,High,control,1,-1.349498205121633,0.2236,120,1
perc002,0.01648,Small,1,0,High,control,0,-1.783042792638903,0.0824,121,1
perc002,0.04472,Large,-1,1,Low,control,0,-1.349498205121633,-0.2236,122,1
perc002,0.07368,Small,1,1,Low,control,1,-1.1326503828112076,0.36839999999999995,123,1
perc002,0.04472,Large,1,1,Low,control,1,-1.349498205121633,0.2236,124,1
perc002,0.01648,Small,-1,1,High,control,0,-1.783042792638903,-0.0824,125,1
perc002,0.12139,Small,1,1,High,control,1,-0.9158170885795264,0.60695,126,1
perc002,0.07368,Small,-1,1,High,control,0,-1.1326503828112076,-0.36839999999999995,127,1
perc002,0.027144,Large,1,1,High,control,1,-1.5663261533629387,0.13572,128,1
perc002,0.2,Small,-1,1,Low,control,0,-0.6989700043360187,-1,129,1
perc002,0.04472,Small,-1,0,Low,control,1,-1.349498205121633,-0.2236,130,1
perc002,0.12139,Small,-1,1,High,control,0,-0.9158170885795264,-0.60695,131,1
perc002,0.12139,Large,1,1,Low,control,1,-0.9158170885795264,0.60695,132,1
perc002,0.12139,Small,1,1,Low,control,1,-0.9158170885795264,0.60695,133,1
perc002,0.027144,Large,-1,1,Low,control,0,-1.5663261533629387,-0.13572,134,1
perc002,0.07368,Small,1,1,Low,control,1,-1.1326503828112076,0.36839999999999995,135,1
perc002,0.2,Small,1,1,High,control,1,-0.6989700043360187,1,136,1
perc002,0.07368,Large,-1,1,High,control,0,-1.1326503828112076,-0.36839999999999995,137,1
perc002,0.12139,Small,1,1,High,control,1,-0.9158170885795264,0.60695,138,1
perc002,0.2,Large,1,1,Low,control,1,-0.6989700043360187,1,139,1
perc002,0.2,Small,1,1,High,control,1,-0.6989700043360187,1,140,1
perc002,0.12139,Small,-1,0,Low,control,1,-0.9158170885795264,-0.60695,141,1
perc002,0.027144,Large,-1,0,Low,control,1,-1.5663261533629387,-0.13572,142,1
perc002,0.027144,Large,-1,1,High,control,0,-1.5663261533629387,-0.13572,143,1
perc002,0.04472,Large,1,1,Low,control,1,-1.349498205121633,0.2236,144,1
perc002,0.12139,Small,-1,1,High,control,0,-0.9158170885795264,-0.60695,145,1
perc002,0.027144,Large,-1,1,High,control,0,-1.5663261533629387,-0.13572,146,1
perc002,0.01648,Small,1,1,High,control,1,-1.783042792638903,0.0824,147,1
perc002,0.07368,Small,1,1,High,control,1,-1.1326503828112076,0.36839999999999995,148,1
perc002,0.07368,Small,-1,0,Low,control,1,-1.1326503828112076,-0.36839999999999995,149,1
perc002,0.2,Large,1,1,High,control,1,-0.6989700043360187,1,150,1
perc002,0.12139,Large,1,1,Low,control,1,-0.9158170885795264,0.60695,151,1
perc002,0.07368,Small,-1,1,High,control,0,-1.1326503828112076,-0.36839999999999995,152,1
perc002,0.01648,Large,-1,0,High,control,1,-1.783042792638903,-0.0824,153,1
perc002,0.12139,Large,1,1,Low,control,1,-0.9158170885795264,0.60695,154,1
perc002,0.027144,Small,-1,1,High,control,0,-1.5663261533629387,-0.13572,155,1
perc002,0.04472,Small,1,1,Low,control,1,-1.349498205121633,0.2236,156,1
perc002,0.04472,Small,-1,1,High,control,0,-1.349498205121633,-0.2236,157,1
perc002,0.01648,Large,1,1,Low,control,1,-1.783042792638903,0.0824,158,1
perc002,0.07368,Large,-1,1,Low,control,0,-1.1326503828112076,-0.36839999999999995,159,1
perc002,0.04472,Large,-1,1,High,control,0,-1.349498205121633,-0.2236,160,1
perc002,0.12139,Large,1,1,Low,control,1,-0.9158170885795264,0.60695,161,1
perc002,0.12139,Small,1,1,Low,control,1,-0.9158170885795264,0.60695,162,1
perc002,0.07368,Small,-1,0,Low,control,1,-1.1326503828112076,-0.36839999999999995,163,1
perc002,0.2,Large,-1,1,High,control,0,-0.6989700043360187,-1,164,1
perc002,0.12139,Large,-1,1,High,control,0,-0.9158170885795264,-0.60695,165,1
perc002,0.04472,Large,1,0,High,control,0,-1.349498205121633,0.2236,166,1
perc002,0.027144,Large,-1,1,Low,control,0,-1.5663261533629387,-0.13572,167,1
perc002,0.027144,Small,1,0,Low,control,0,-1.5663261533629387,0.13572,168,1
perc002,0.2,Large,-1,1,High,control,0,-0.6989700043360187,-1,169,1
perc002,0.12139,Large,-1,1,Low,control,0,-0.9158170885795264,-0.60695,170,1
perc002,0.12139,Small,-1,1,Low,control,0,-0.9158170885795264,-0.60695,171,1
perc002,0.2,Large,1,1,Low,control,1,-0.6989700043360187,1,172,1
perc002,0.04472,Small,-1,0,Low,control,1,-1.349498205121633,-0.2236,173,1
perc002,0.027144,Large,-1,1,Low,control,0,-1.5663261533629387,-0.13572,174,1
perc002,0.2,Large,-1,1,Low,control,0,-0.6989700043360187,-1,175,1
perc002,0.01648,Small,-1,1,Low,control,0,-1.783042792638903,-0.0824,176,1
perc002,0.2,Small,1,1,High,control,1,-0.6989700043360187,1,177,1
perc002,0.2,Small,1,1,Low,control,1,-0.6989700043360187,1,178,1
perc002,0.027144,Small,-1,1,High,control,0,-1.5663261533629387,-0.13572,179,1
perc002,0.01648,Large,1,1,Low,control,1,-1.783042792638903,0.0824,180,1
perc002,0.12139,Small,1,1,High,control,1,-0.9158170885795264,0.60695,181,1
perc002,0.04472,Small,-1,1,High,control,0,-1.349498205121633,-0.2236,182,1
perc002,0.12139,Large,-1,1,High,control,0,-0.9158170885795264,-0.60695,183,1
perc002,0.07368,Small,1,1,Low,control,1,-1.1326503828112076,0.36839999999999995,184,1
perc002,0.04472,Large,1,1,Low,control,1,-1.349498205121633,0.2236,185,1
perc002,0.04472,Small,-1,1,High,control,0,-1.349498205121633,-0.2236,186,1
perc002,0.07368,Large,1,1,Low,control,1,-1.1326503828112076,0.36839999999999995,187,1
perc002,0.04472,Large,1,1,Low,control,1,-1.349498205121633,0.2236,188,1
perc002,0.01648,Large,1,0,High,control,0,-1.783042792638903,0.0824,189,1
perc002,0.04472,Small,1,1,High,control,1,-1.349498205121633,0.2236,190,1
perc002,0.2,Small,1,1,Low,control,1,-0.6989700043360187,1,191,1
perc002,0.07368,Large,-1,1,Low,control,0,-1.1326503828112076,-0.36839999999999995,192,1
perc002,0.07368,Small,1,1,Low,control,1,-1.1326503828112076,0.36839999999999995,193,1
perc002,0.04472,Large,-1,1,High,control,0,-1.349498205121633,-0.2236,194,1
perc002,0.12139,Large,-1,1,Low,control,0,-0.9158170885795264,-0.60695,195,1
perc002,0.12139,Small,1,1,Low,control,1,-0.9158170885795264,0.60695,196,1
perc002,0.027144,Large,-1,1,High,control,0,-1.5663261533629387,-0.13572,197,1
perc002,0.04472,Small,-1,0,Low,control,1,-1.349498205121633,-0.2236,198,1
perc002,0.027144,Small,1,0,Low,control,0,-1.5663261533629387,0.13572,199,1
perc002,0.01648,Small,1,1,Low,control,1,-1.783042792638903,0.0824,200,1
perc002,0.07368,Large,1,1,High,control,1,-1.1326503828112076,0.36839999999999995,201,1
perc002,0.12139,Large,1,1,High,control,1,-0.9158170885795264,0.60695,202,1
perc002,0.2,Large,1,1,High,control,1,-0.6989700043360187,1,203,1
perc002,0.01648,Large,-1,0,High,control,1,-1.783042792638903,-0.0824,204,1
perc002,0.12139,Large,-1,1,High,control,0,-0.9158170885795264,-0.60695,205,1
perc002,0.2,Large,-1,1,Low,control,0,-0.6989700043360187,-1,206,1
perc002,0.12139,Small,-1,1,High,control,0,-0.9158170885795264,-0.60695,207,1
perc002,0.2,Large,-1,1,High,control,0,-0.6989700043360187,-1,208,1
perc002,0.07368,Small,1,1,High,control,1,-1.1326503828112076,0.36839999999999995,209,1
perc002,0.2,Small,-1,1,High,control,0,-0.6989700043360187,-1,210,1
perc002,0.07368,Small,-1,0,Low,control,1,-1.1326503828112076,-0.36839999999999995,211,1
perc002,0.04472,Small,1,1,Low,control,1,-1.349498205121633,0.2236,212,1
perc002,0.07368,Small,-1,1,High,control,0,-1.1326503828112076,-0.36839999999999995,213,1
perc002,0.027144,Small,1,1,High,control,1,-1.5663261533629387,0.13572,214,1
perc002,0.04472,Small,1,1,High,control,1,-1.349498205121633,0.2236,215,1
perc002,0.2,Large,-1,1,High,control,0,-0.6989700043360187,-1,216,1
perc002,0.04472,Large,1,1,High,control,1,-1.349498205121633,0.2236,217,1
perc002,0.12139,Small,-1,1,Low,control,0,-0.9158170885795264,-0.60695,218,1
perc002,0.04472,Large,-1,1,High,control,0,-1.349498205121633,-0.2236,219,1
perc002,0.2,Large,-1,1,Low,control,0,-0.6989700043360187,-1,220,1
perc002,0.2,Small,-1,1,High,control,0,-0.6989700043360187,-1,221,1
perc002,0.2,Small,-1,1,Low,control,0,-0.6989700043360187,-1,222,1
perc002,0.01648,Large,-1,1,High,control,0,-1.783042792638903,-0.0824,223,1
perc002,0.01648,Small,1,1,Low,control,1,-1.783042792638903,0.0824,224,1
perc002,0.04472,Large,-1,1,High,control,0,-1.349498205121633,-0.2236,225,1
perc002,0.04472,Small,-1,1,High,control,0,-1.349498205121633,-0.2236,226,1
perc002,0.01648,Large,1,0,Low,control,0,-1.783042792638903,0.0824,227,1
perc002,0.01648,Large,1,0,Low,control,0,-1.783042792638903,0.0824,228,1
perc002,0.07368,Large,1,1,High,control,1,-1.1326503828112076,0.36839999999999995,229,1
perc002,0.07368,Small,-1,1,High,control,0,-1.1326503828112076,-0.36839999999999995,230,1
perc002,0.01648,Small,-1,1,Low,control,0,-1.783042792638903,-0.0824,231,1
perc002,0.07368,Small,-1,1,Low,control,0,-1.1326503828112076,-0.36839999999999995,232,1
perc002,0.2,Large,1,1,High,control,1,-0.6989700043360187,1,233,1
perc002,0.2,Small,-1,1,Low,control,0,-0.6989700043360187,-1,234,1
perc002,0.04472,Small,1,1,Low,control,1,-1.349498205121633,0.2236,235,1
perc002,0.12139,Small,-1,1,High,control,0,-0.9158170885795264,-0.60695,236,1
perc002,0.04472,Small,1,1,High,control,1,-1.349498205121633,0.2236,237,1
perc002,0.027144,Large,1,1,High,control,1,-1.5663261533629387,0.13572,238,1
perc002,0.01648,Large,1,0,High,control,0,-1.783042792638903,0.0824,239,1
perc002,0.12139,Large,1,1,High,control,1,-0.9158170885795264,0.60695,240,1
perc002,0.07368,Large,-1,1,Low,control,0,-1.1326503828112076,-0.36839999999999995,241,1
perc002,0.07368,Large,-1,1,High,control,0,-1.1326503828112076,-0.36839999999999995,242,1
perc002,0.07368,Small,1,1,High,control,1,-1.1326503828112076,0.36839999999999995,243,1
perc002,0.04472,Small,-1,1,High,control,0,-1.349498205121633,-0.2236,244,1
perc002,0.2,Large,1,1,Low,control,1,-0.6989700043360187,1,245,1
perc002,0.2,Large,1,1,Low,control,1,-0.6989700043360187,1,246,1
perc002,0.12139,Large,1,1,Low,control,1,-0.9158170885795264,0.60695,247,1
perc002,0.04472,Large,1,1,Low,control,1,-1.349498205121633,0.2236,248,1
perc002,0.04472,Small,1,1,High,control,1,-1.349498205121633,0.2236,249,1
perc002,0.12139,Large,1,1,High,control,1,-0.9158170885795264,0.60695,250,1
perc002,0.07368,Large,-1,1,Low,control,0,-1.1326503828112076,-0.36839999999999995,251,1
perc002,0.04472,Small,-1,1,Low,control,0,-1.349498205121633,-0.2236,252,1
perc002,0.027144,Large,1,1,Low,control,1,-1.5663261533629387,0.13572,253,1
perc002,0.04472,Large,-1,1,Low,control,0,-1.349498205121633,-0.2236,254,1
perc002,0.07368,Large,1,1,Low,control,1,-1.1326503828112076,0.36839999999999995,255,1
perc002,0.027144,Large,-1,1,High,control,0,-1.5663261533629387,-0.13572,256,1
perc002,0.01648,Small,1,1,High,control,1,-1.783042792638903,0.0824,257,1
perc002,0.2,Large,-1,1,High,control,0,-0.6989700043360187,-1,258,1
perc002,0.07368,Large,-1,1,High,control,0,-1.1326503828112076,-0.36839999999999995,259,1
perc002,0.04472,Small,-1,1,Low,control,0,-1.349498205121633,-0.2236,260,1
perc002,0.01648,Small,1,0,Low,control,0,-1.783042792638903,0.0824,261,1
perc002,0.12139,Large,-1,1,Low,control,0,-0.9158170885795264,-0.60695,262,1
perc002,0.01648,Large,1,1,Low,control,1,-1.783042792638903,0.0824,263,1
perc002,0.12139,Small,1,1,High,control,1,-0.9158170885795264,0.60695,264,1
perc002,0.2,Small,-1,1,Low,control,0,-0.6989700043360187,-1,265,1
perc002,0.2,Large,-1,1,Low,control,0,-0.6989700043360187,-1,266,1
perc002,0.2,Large,1,1,Low,control,1,-0.6989700043360187,1,267,1
perc002,0.12139,Small,-1,1,Low,control,0,-0.9158170885795264,-0.60695,268,1
perc002,0.2,Large,1,1,High,control,1,-0.6989700043360187,1,269,1
perc002,0.2,Large,1,1,High,control,1,-0.6989700043360187,1,270,1
perc002,0.2,Small,1,1,Low,control,1,-0.6989700043360187,1,271,1
perc002,0.027144,Large,1,1,High,control,1,-1.5663261533629387,0.13572,272,1
perc002,0.2,Small,-1,1,Low,control,0,-0.6989700043360187,-1,273,1
perc002,0.12139,Small,-1,1,High,control,0,-0.9158170885795264,-0.60695,274,1
perc002,0.027144,Large,1,1,Low,control,1,-1.5663261533629387,0.13572,275,1
perc002,0.04472,Small,1,1,Low,control,1,-1.349498205121633,0.2236,276,1
perc002,0.027144,Small,1,1,High,control,1,-1.5663261533629387,0.13572,277,1
perc002,0.01648,Large,1,0,Low,control,0,-1.783042792638903,0.0824,278,1
perc002,0.04472,Large,-1,1,High,control,0,-1.349498205121633,-0.2236,279,1
perc002,0.12139,Large,1,1,High,control,1,-0.9158170885795264,0.60695,280,1
perc002,0.027144,Large,1,1,High,control,1,-1.5663261533629387,0.13572,281,1
perc002,0.027144,Small,1,1,High,control,1,-1.5663261533629387,0.13572,282,1
perc002,0.04472,Large,1,0,High,control,0,-1.349498205121633,0.2236,283,1
perc002,0.07368,Large,1,1,High,control,1,-1.1326503828112076,0.36839999999999995,284,1
perc002,0.01648,Large,-1,0,Low,control,1,-1.783042792638903,-0.0824,285,1
perc002,0.027144,Large,-1,0,High,control,1,-1.5663261533629387,-0.13572,286,1
perc002,0.04472,Small,1,1,Low,control,1,-1.349498205121633,0.2236,287,1
perc002,0.12139,Large,-1,1,Low,control,0,-0.9158170885795264,-0.60695,288,1
perc002,0.027144,Small,1,1,High,control,1,-1.5663261533629387,0.13572,289,1
perc002,0.027144,Small,-1,1,Low,control,0,-1.5663261533629387,-0.13572,290,1
perc002,0.04472,Small,1,1,Low,control,1,-1.349498205121633,0.2236,291,1
perc002,0.01648,Small,1,1,High,control,1,-1.783042792638903,0.0824,292,1
perc002,0.04472,Small,-1,1,High,control,0,-1.349498205121633,-0.2236,293,1
perc002,0.2,Large,1,1,High,control,1,-0.6989700043360187,1,294,1
perc002,0.01648,Large,-1,0,Low,control,1,-1.783042792638903,-0.0824,295,1
perc002,0.2,Small,1,1,Low,control,1,-0.6989700043360187,1,296,1
perc002,0.07368,Small,-1,1,High,control,0,-1.1326503828112076,-0.36839999999999995,297,1
perc002,0.01648,Large,-1,1,Low,control,0,-1.783042792638903,-0.0824,298,1
perc002,0.01648,Large,-1,0,High,control,1,-1.783042792638903,-0.0824,299,1
perc002,0.12139,Large,-1,1,Low,control,0,-0.9158170885795264,-0.60695,300,1
perc002,0.027144,Large,1,1,Low,control,1,-1.5663261533629387,0.13572,301,1
perc002,0.07368,Small,-1,1,High,control,0,-1.1326503828112076,-0.36839999999999995,302,1
perc002,0.01648,Small,1,1,Low,control,1,-1.783042792638903,0.0824,303,1
perc002,0.04472,Large,1,1,Low,control,1,-1.349498205121633,0.2236,304,1
perc002,0.01648,Large,1,0,High,control,0,-1.783042792638903,0.0824,305,1
perc002,0.12139,Small,1,1,High,control,1,-0.9158170885795264,0.60695,306,1
perc002,0.01648,Large,-1,0,High,control,1,-1.783042792638903,-0.0824,307,1
perc002,0.01648,Small,1,1,Low,control,1,-1.783042792638903,0.0824,308,1
perc002,0.01648,Large,1,0,High,control,0,-1.783042792638903,0.0824,309,1
perc002,0.04472,Small,-1,1,Low,control,0,-1.349498205121633,-0.2236,310,1
perc002,0.027144,Large,-1,0,High,control,1,-1.5663261533629387,-0.13572,311,1
perc002,0.07368,Small,1,1,Low,control,1,-1.1326503828112076,0.36839999999999995,312,1
perc002,0.04472,Large,1,1,Low,control,1,-1.349498205121633,0.2236,313,1
perc002,0.01648,Large,-1,0,Low,control,1,-1.783042792638903,-0.0824,314,1
perc002,0.12139,Small,-1,1,Low,control,0,-0.9158170885795264,-0.60695,315,1
perc002,0.12139,Small,-1,1,High,control,0,-0.9158170885795264,-0.60695,316,1
perc002,0.07368,Small,1,1,Low,control,1,-1.1326503828112076,0.36839999999999995,317,1
perc002,0.01648,Small,-1,1,Low,control,0,-1.783042792638903,-0.0824,318,1
perc002,0.027144,Small,-1,1,High,control,0,-1.5663261533629387,-0.13572,319,1
perc002,0.027144,Small,1,1,Low,control,1,-1.5663261533629387,0.13572,320,1
perc002,0.027144,Small,-1,1,Low,control,0,-1.5663261533629387,-0.13572,321,1
perc002,0.027144,Large,-1,1,Low,control,0,-1.5663261533629387,-0.13572,322,1
perc002,0.2,Large,-1,1,Low,control,0,-0.6989700043360187,-1,323,1
perc002,0.07368,Small,1,1,Low,control,1,-1.1326503828112076,0.36839999999999995,324,1
perc002,0.027144,Large,1,0,High,control,0,-1.5663261533629387,0.13572,325,1
perc002,0.04472,Small,1,1,High,control,1,-1.349498205121633,0.2236,326,1
perc002,0.12139,Large,1,1,High,control,1,-0.9158170885795264,0.60695,327,1
perc002,0.12139,Small,1,1,Low,control,1,-0.9158170885795264,0.60695,328,1
perc002,0.2,Small,-1,1,High,control,0,-0.6989700043360187,-1,329,1
perc002,0.027144,Small,1,1,High,control,1,-1.5663261533629387,0.13572,330,1
perc002,0.07368,Large,1,1,Low,control,1,-1.1326503828112076,0.36839999999999995,331,1
perc002,0.01648,Small,-1,1,Low,control,0,-1.783042792638903,-0.0824,332,1
perc002,0.01648,Small,-1,1,High,control,0,-1.783042792638903,-0.0824,333,1
perc002,0.01648,Small,-1,0,High,control,1,-1.783042792638903,-0.0824,334,1
perc002,0.027144,Large,1,1,High,control,1,-1.5663261533629387,0.13572,335,1
perc002,0.027144,Small,-1,1,Low,control,0,-1.5663261533629387,-0.13572,336,1
perc002,0.2,Small,-1,1,Low,control,0,-0.6989700043360187,-1,337,1
perc002,0.07368,Large,-1,1,Low,control,0,-1.1326503828112076,-0.36839999999999995,338,1
perc002,0.07368,Large,1,1,High,control,1,-1.1326503828112076,0.36839999999999995,339,1
perc002,0.01648,Small,-1,0,Low,control,1,-1.783042792638903,-0.0824,340,1
perc002,0.01648,Small,1,1,Low,control,1,-1.783042792638903,0.0824,341,1
perc002,0.12139,Large,-1,1,High,control,0,-0.9158170885795264,-0.60695,342,1
perc002,0.07368,Small,-1,0,Low,control,1,-1.1326503828112076,-0.36839999999999995,343,1
perc002,0.12139,Small,1,1,High,control,1,-0.9158170885795264,0.60695,344,1
perc002,0.2,Small,1,1,Low,control,1,-0.6989700043360187,1,345,1
perc002,0.027144,Large,-1,1,Low,control,0,-1.5663261533629387,-0.13572,346,1
perc002,0.027144,Large,-1,1,Low,control,0,-1.5663261533629387,-0.13572,347,1
perc002,0.04472,Large,1,1,High,control,1,-1.349498205121633,0.2236,348,1
perc002,0.07368,Small,1,1,High,control,1,-1.1326503828112076,0.36839999999999995,349,1
perc002,0.2,Small,1,1,High,control,1,-0.6989700043360187,1,350,1
perc002,0.2,Large,-1,1,Low,control,0,-0.6989700043360187,-1,351,1
perc002,0.027144,Large,-1,1,High,control,0,-1.5663261533629387,-0.13572,352,1
perc002,0.07368,Small,-1,1,High,control,0,-1.1326503828112076,-0.36839999999999995,353,1
perc002,0.04472,Large,1,1,High,control,1,-1.349498205121633,0.2236,354,1
perc002,0.027144,Large,-1,1,Low,control,0,-1.5663261533629387,-0.13572,355,1
perc002,0.04472,Small,1,1,Low,control,1,-1.349498205121633,0.2236,356,1
perc002,0.027144,Large,1,1,Low,control,1,-1.5663261533629387,0.13572,357,1
perc002,0.2,Small,1,1,High,control,1,-0.6989700043360187,1,358,1
perc002,0.12139,Large,-1,1,High,control,0,-0.9158170885795264,-0.60695,359,1
perc002,0.2,Large,-1,1,Low,control,0,-0.6989700043360187,-1,360,1
perc002,0.04472,Small,-1,1,High,control,0,-1.349498205121633,-0.2236,361,1
perc002,0.2,Large,1,1,High,control,1,-0.6989700043360187,1,362,1
perc002,0.12139,Small,1,1,High,control,1,-0.9158170885795264,0.60695,363,1
perc002,0.07368,Large,-1,1,Low,control,0,-1.1326503828112076,-0.36839999999999995,364,1
perc002,0.07368,Small,-1,1,Low,control,0,-1.1326503828112076,-0.36839999999999995,365,1
perc002,0.07368,Large,1,1,High,control,1,-1.1326503828112076,0.36839999999999995,366,1
perc002,0.07368,Small,-1,1,High,control,0,-1.1326503828112076,-0.36839999999999995,367,1
perc002,0.12139,Large,-1,1,High,control,0,-0.9158170885795264,-0.60695,368,1
perc002,0.04472,Small,-1,1,High,control,0,-1.349498205121633,-0.2236,369,1
perc002,0.04472,Small,1,1,High,control,1,-1.349498205121633,0.2236,370,1
perc002,0.01648,Small,-1,0,Low,control,1,-1.783042792638903,-0.0824,371,1
perc002,0.12139,Large,1,1,Low,control,1,-0.9158170885795264,0.60695,372,1
perc002,0.027144,Small,1,1,Low,control,1,-1.5663261533629387,0.13572,373,1
perc002,0.027144,Large,-1,1,High,control,0,-1.5663261533629387,-0.13572,374,1
perc002,0.07368,Large,-1,1,High,control,0,-1.1326503828112076,-0.36839999999999995,375,1
perc002,0.01648,Small,-1,0,Low,control,1,-1.783042792638903,-0.0824,376,1
perc002,0.2,Large,-1,1,High,control,0,-0.6989700043360187,-1,377,1
perc002,0.027144,Large,-1,0,Low,control,1,-1.5663261533629387,-0.13572,378,1
perc002,0.04472,Large,1,1,High,control,1,-1.349498205121633,0.2236,379,1
perc002,0.01648,Small,1,1,Low,control,1,-1.783042792638903,0.0824,380,1
perc002,0.07368,Large,1,1,High,control,1,-1.1326503828112076,0.36839999999999995,381,1
perc002,0.01648,Large,1,1,High,control,1,-1.783042792638903,0.0824,382,1
perc002,0.2,Small,1,1,High,control,1,-0.6989700043360187,1,383,1
perc002,0.2,Small,-1,1,High,control,0,-0.6989700043360187,-1,384,1
perc002,0.07368,Small,-1,1,Low,control,0,-1.1326503828112076,-0.36839999999999995,385,1
perc002,0.2,Large,-1,1,High,control,0,-0.6989700043360187,-1,386,1
perc002,0.2,Small,-1,1,Low,control,0,-0.6989700043360187,-1,387,1
perc002,0.12139,Small,-1,1,High,control,0,-0.9158170885795264,-0.60695,388,1
perc002,0.01648,Large,1,1,Low,control,1,-1.783042792638903,0.0824,389,1
perc002,0.07368,Large,-1,1,High,control,0,-1.1326503828112076,-0.36839999999999995,390,1
perc002,0.01648,Large,-1,1,High,control,0,-1.783042792638903,-0.0824,391,1
perc002,0.027144,Large,1,1,High,control,1,-1.5663261533629387,0.13572,392,1
perc002,0.12139,Large,1,1,Low,control,1,-0.9158170885795264,0.60695,393,1
perc002,0.01648,Large,1,0,Low,control,0,-1.783042792638903,0.0824,394,1
perc002,0.07368,Large,1,1,High,control,1,-1.1326503828112076,0.36839999999999995,395,1
perc002,0.04472,Small,1,1,High,control,1,-1.349498205121633,0.2236,396,1
perc002,0.12139,Large,-1,1,High,control,0,-0.9158170885795264,-0.60695,397,1
perc002,0.2,Small,-1,0,Low,control,1,-0.6989700043360187,-1,398,1
perc002,0.07368,Small,-1,1,Low,control,0,-1.1326503828112076,-0.36839999999999995,399,1
perc002,0.01648,Large,1,0,Low,control,0,-1.783042792638903,0.0824,400,1
perc002,0.027144,Small,-1,1,High,control,0,-1.5663261533629387,-0.13572,401,1
perc002,0.07368,Large,1,1,Low,control,1,-1.1326503828112076,0.36839999999999995,402,1
perc002,0.04472,Large,-1,1,Low,control,0,-1.349498205121633,-0.2236,403,1
perc002,0.07368,Large,1,1,Low,control,1,-1.1326503828112076,0.36839999999999995,404,1
perc002,0.01648,Small,-1,1,High,control,0,-1.783042792638903,-0.0824,405,1
perc002,0.12139,Small,1,1,High,control,1,-0.9158170885795264,0.60695,406,1
perc002,0.2,Small,1,1,Low,control,1,-0.6989700043360187,1,407,1
perc002,0.01648,Large,-1,1,High,control,0,-1.783042792638903,-0.0824,408,1
perc002,0.07368,Small,-1,1,High,control,0,-1.1326503828112076,-0.36839999999999995,409,1
perc002,0.2,Small,-1,1,High,control,0,-0.6989700043360187,-1,410,1
perc002,0.01648,Large,-1,1,High,control,0,-1.783042792638903,-0.0824,411,1
perc002,0.12139,Large,-1,1,Low,control,0,-0.9158170885795264,-0.60695,412,1
perc002,0.12139,Small,-1,0,Low,control,1,-0.9158170885795264,-0.60695,413,1
perc002,0.027144,Small,1,1,Low,control,1,-1.5663261533629387,0.13572,414,1
perc002,0.04472,Large,-1,1,High,control,0,-1.349498205121633,-0.2236,415,1
perc002,0.07368,Small,1,1,High,control,1,-1.1326503828112076,0.36839999999999995,416,1
perc002,0.01648,Small,1,1,High,control,1,-1.783042792638903,0.0824,417,1
perc002,0.2,Large,-1,1,Low,control,0,-0.6989700043360187,-1,418,1
perc002,0.01648,Large,1,1,High,control,1,-1.783042792638903,0.0824,419,1
perc002,0.01648,Small,1,0,High,control,0,-1.783042792638903,0.0824,420,1
perc002,0.04472,Small,1,1,High,control,1,-1.349498205121633,0.2236,421,1
perc002,0.027144,Small,1,1,Low,control,1,-1.5663261533629387,0.13572,422,1
perc002,0.01648,Large,-1,1,Low,control,0,-1.783042792638903,-0.0824,423,1
perc002,0.12139,Small,1,1,Low,control,1,-0.9158170885795264,0.60695,424,1
perc002,0.027144,Small,-1,1,High,control,0,-1.5663261533629387,-0.13572,425,1
perc002,0.2,Large,-1,1,High,control,0,-0.6989700043360187,-1,426,1
perc002,0.2,Small,1,1,High,control,1,-0.6989700043360187,1,427,1
perc002,0.07368,Small,1,1,Low,control,1,-1.1326503828112076,0.36839999999999995,428,1
perc002,0.027144,Small,-1,0,Low,control,1,-1.5663261533629387,-0.13572,429,1
perc002,0.04472,Large,1,1,Low,control,1,-1.349498205121633,0.2236,430,1
perc002,0.07368,Small,1,1,High,control,1,-1.1326503828112076,0.36839999999999995,431,1
perc002,0.04472,Large,-1,1,High,control,0,-1.349498205121633,-0.2236,432,1
perc002,0.12139,Small,1,1,Low,control,1,-0.9158170885795264,0.60695,433,1
perc002,0.027144,Small,1,1,Low,control,1,-1.5663261533629387,0.13572,434,1
perc002,0.04472,Large,-1,1,Low,control,0,-1.349498205121633,-0.2236,435,1
perc002,0.04472,Large,-1,1,High,control,0,-1.349498205121633,-0.2236,436,1
perc002,0.12139,Large,1,1,High,control,1,-0.9158170885795264,0.60695,437,1
perc002,0.07368,Small,-1,1,Low,control,0,-1.1326503828112076,-0.36839999999999995,438,1
perc002,0.04472,Large,1,1,High,control,1,-1.349498205121633,0.2236,439,1
perc002,0.2,Large,-1,1,High,control,0,-0.6989700043360187,-1,440,1
perc002,0.01648,Small,-1,0,High,control,1,-1.783042792638903,-0.0824,441,1
perc002,0.04472,Large,-1,1,High,control,0,-1.349498205121633,-0.2236,442,1
perc002,0.07368,Small,1,1,Low,control,1,-1.1326503828112076,0.36839999999999995,443,1
perc002,0.12139,Large,1,1,High,control,1,-0.9158170885795264,0.60695,444,1
perc002,0.12139,Small,1,1,Low,control,1,-0.9158170885795264,0.60695,445,1
perc002,0.2,Large,1,1,High,control,1,-0.6989700043360187,1,446,1
perc002,0.027144,Small,-1,0,Low,control,1,-1.5663261533629387,-0.13572,447,1
perc002,0.2,Small,-1,1,High,control,0,-0.6989700043360187,-1,448,1
perc002,0.04472,Small,-1,1,Low,control,0,-1.349498205121633,-0.2236,449,1
perc002,0.12139,Small,-1,1,Low,control,0,-0.9158170885795264,-0.60695,450,1
perc002,0.2,Small,1,1,Low,control,1,-0.6989700043360187,1,451,1
perc002,0.04472,Large,1,1,Low,control,1,-1.349498205121633,0.2236,452,1
perc002,0.2,Large,1,1,Low,control,1,-0.6989700043360187,1,453,1
perc002,0.07368,Large,-1,1,High,control,0,-1.1326503828112076,-0.36839999999999995,454,1
perc002,0.04472,Large,-1,1,Low,control,0,-1.349498205121633,-0.2236,455,1
perc002,0.027144,Large,1,1,Low,control,1,-1.5663261533629387,0.13572,456,1
perc002,0.12139,Small,-1,1,High,control,0,-0.9158170885795264,-0.60695,457,1
perc002,0.07368,Large,-1,1,Low,control,0,-1.1326503828112076,-0.36839999999999995,458,1
perc002,0.2,Small,-1,1,High,control,0,-0.6989700043360187,-1,459,1
perc002,0.12139,Large,-1,1,High,control,0,-0.9158170885795264,-0.60695,460,1
perc002,0.2,Large,1,1,Low,control,1,-0.6989700043360187,1,461,1
perc002,0.04472,Small,-1,1,Low,control,0,-1.349498205121633,-0.2236,462,1
perc002,0.027144,Small,-1,0,High,control,1,-1.5663261533629387,-0.13572,463,1
perc002,0.01648,Small,1,1,High,control,1,-1.783042792638903,0.0824,464,1
perc002,0.2,Small,1,1,High,control,1,-0.6989700043360187,1,465,1
perc002,0.07368,Small,1,1,High,control,1,-1.1326503828112076,0.36839999999999995,466,1
perc002,0.01648,Small,-1,1,High,control,0,-1.783042792638903,-0.0824,467,1
perc002,0.04472,Small,1,1,Low,control,1,-1.349498205121633,0.2236,468,1
perc002,0.027144,Small,1,1,High,control,1,-1.5663261533629387,0.13572,469,1
perc002,0.04472,Small,-1,1,High,control,0,-1.349498205121633,-0.2236,470,1
perc002,0.12139,Large,1,1,Low,control,1,-0.9158170885795264,0.60695,471,1
perc002,0.01648,Large,1,1,High,control,1,-1.783042792638903,0.0824,472,1
perc002,0.12139,Large,1,1,Low,control,1,-0.9158170885795264,0.60695,473,1
perc002,0.12139,Small,1,1,Low,control,1,-0.9158170885795264,0.60695,474,1
perc002,0.12139,Large,-1,1,Low,control,0,-0.9158170885795264,-0.60695,475,1
perc002,0.12139,Small,-1,0,Low,control,1,-0.9158170885795264,-0.60695,476,1
perc002,0.07368,Large,1,1,Low,control,1,-1.1326503828112076,0.36839999999999995,477,1
perc002,0.04472,Large,-1,1,Low,control,0,-1.349498205121633,-0.2236,478,1
perc002,0.027144,Small,-1,1,High,control,0,-1.5663261533629387,-0.13572,479,1
perc002,0.12139,Small,-1,1,High,control,0,-0.9158170885795264,-0.60695,480,1
